bank_name,liquidity_risk,leverage_risk,interest_rate_risk,deposit_flight_risk,textual_stress,overall_fragility,confidence,key_concern,reasoning,failed
Citizens Financial Group,8,9,8,2,5,8.5,MEDIUM,Citizens Financial Group's high debt-to-equity ratio and low interest coverage ratio indicate significant structural fragility.,"The bank's liquidity ratio of 0.6933 is below the threshold for a well-capitalized bank, and its debt-to-equity ratio of 9.99 is above the threshold for elevated fragility. Additionally, the interest coverage ratio of 0.03 indicates a high risk of interest rate stress. However, the uninsured deposit ratio of 0.0732 is below the threshold for deposit flight risk, and no textual stress indicators are provided.",False
Fifth Third Bancorp,5,7,6,4,5,6.0,MEDIUM,High leverage ratio and moderate interest rate risk indicate structural concerns.,"The bank's liquidity ratio of 0.4260 is below the 0.5 threshold, indicating some liquidity risk. The debt-to-equity ratio of 9.09 is high, but not extremely high, indicating leverage risk. The interest coverage ratio of 1.83 is below 10, indicating some interest rate risk. However, the uninsured deposit ratio of 0.4781 is below 20%, indicating low deposit flight risk. The absence of textual stress language suggests a relatively stable risk environment.",False
First Horizon,8,9,8,5,5,8.0,MEDIUM,High leverage and low liquidity ratios indicate significant structural fragility.,"The bank's liquidity ratio of 0.2350 is below the threshold for a score of 8-9, indicating a high risk of liquidity shortages. Additionally, the debt-to-equity ratio of 11.18 is above the threshold for a score of 8-9, indicating high leverage. The interest coverage ratio of 1.38 is also below the threshold for a score of 8-9, indicating a high risk of interest rate shocks.",False
First Republic Bank,4,8,8,3,5,7.0,MEDIUM,High leverage and interest rate risk are major concerns for First Republic Bank.,"The bank's debt-to-equity ratio of 11.95 indicates high leverage, while the interest coverage ratio of 0.88 suggests vulnerability to interest rate fluctuations. Although the liquidity ratio is relatively stable, it is below the 0.5 threshold, indicating some liquidity concerns. The uninsured deposit ratio is below 20%, which is a positive sign.",True
Heartland BancCorp,5,8,3,4,5,7.0,MEDIUM,High leverage ratio and moderate liquidity ratio indicate structural fragility.,"The debt-to-equity ratio of 15.81 is above the threshold for high leverage risk, while the liquidity ratio of 0.6282 is below the threshold for low liquidity risk. The interest coverage ratio of 2.98 indicates manageable interest expenses, but the loan-to-deposit ratio of 0.3707 suggests a relatively low loan-to-deposit ratio, which may indicate a conservative lending strategy. The uninsured deposit ratio of 0.2673 is below the threshold for high deposit flight risk, but the core deposit ratio of 0.9422 is high, indicating a strong core deposit base.",False
Huntington Bancshares,6,8,7,5,5,7.0,MEDIUM,Huntington Bancshares' high debt-to-equity ratio and moderate liquidity ratio raise concerns about its structural fragility.,"The bank's debt-to-equity ratio of 9.48 is above the 8 threshold, indicating elevated leverage risk. Additionally, the liquidity ratio of 0.3322 is below the 0.5 threshold, suggesting some liquidity concerns. However, the bank's interest coverage ratio of 1.72 and core deposit ratio of 0.9430 are relatively strong, mitigating some of these concerns.",False
KeyCorp,4,8,8,4,2,7.0,MEDIUM,"High leverage and interest rate risk, despite strong core deposit ratio.","KeyCorp's liquidity ratio of 0.3877 indicates a moderate level of liquidity risk. However, the debt-to-equity ratio of 11.57 is high, indicating significant leverage risk. The interest coverage ratio of 1.13 suggests a high interest rate risk. On the other hand, the core deposit ratio of 0.9481 indicates a strong deposit base. The risk factors excerpt does not indicate significant textual stress. Overall, these factors suggest a moderate to high level of fragility.",False
M&T Bank,8,8,8,3,5,8.0,MEDIUM,M&T Bank's low liquidity ratio and high debt-to-equity ratio indicate potential structural fragility.,"The liquidity ratio of 0.2480 is below the 0.2 threshold, suggesting a high risk of liquidity shortages. Additionally, the debt-to-equity ratio of 10.14 is above the 8 threshold, indicating a high leverage risk. However, the interest coverage ratio of 2.81 is below the 3 threshold, but not extremely low. The uninsured deposit ratio of 0.2127 is below the 20% threshold, indicating a relatively low deposit flight risk. The absence of non-performing assets suggests a low credit risk.",False
PacWest Bancorp,8,8,8,2,5,8.0,MEDIUM,PacWest Bancorp's low liquidity ratio and high debt-to-equity ratio indicate significant structural fragility.,"The liquidity ratio of 0.1211 is below 0.2, indicating a high liquidity risk. The debt-to-equity ratio of 7.20 is also high, indicating a leverage risk. However, the interest coverage ratio of 1.98 is low, indicating an interest rate risk. The uninsured deposit ratio of 0.0996 is relatively low, indicating a low deposit flight risk. The absence of textual stress language in the provided data limits our ability to assess this dimension.",False
Prosperity Bancshares,8,9,4,2,5,8.0,MEDIUM,High leverage and low liquidity ratios indicate significant structural fragility.,"The bank's liquidity ratio of 0.2290 and debt-to-equity ratio of 11.88 suggest a high risk of liquidity and leverage. While the interest coverage ratio is relatively stable, the low liquidity ratio and high leverage ratio outweigh this positive factor. The uninsured deposit ratio is low, indicating minimal deposit flight risk.",False
Regions Financial,6,7,4,5,5,6.0,MEDIUM,Regions Financial's high debt-to-equity ratio and moderate liquidity ratio indicate elevated structural fragility.,"The bank's liquidity ratio of 0.2858 is below the 0.5 threshold, suggesting some vulnerability to liquidity shocks. Additionally, the debt-to-equity ratio of 8.26 is above the 8 threshold, indicating elevated leverage risk. However, the interest coverage ratio of 3.77 is above the 3 threshold, suggesting manageable interest rate risk. The uninsured deposit ratio of 0.3699 is below the 20% threshold, indicating low deposit flight risk. The absence of text data limits the assessment of textual stress. Overall, the bank's moderate liquidity and high leverage risks are the primary concerns.",False
Synovus Financial,6,8,5,4,5,7.0,MEDIUM,High leverage ratio and low liquidity ratio indicate structural fragility.,"The debt-to-equity ratio of 20.57 is above the threshold for high leverage risk, and the liquidity ratio of 0.3969 is below the threshold for low liquidity risk. Additionally, the loan-to-deposit ratio of 0.6937 is above 50%, indicating potential deposit flight risk. However, the interest coverage ratio of 2.16 is above the threshold for low interest rate risk, and the core deposit ratio of 0.9571 is high, indicating a stable deposit base.",False
Truist Financial,7,8,8,6,5,8.0,MEDIUM,Truist Financial's high debt-to-equity ratio and low interest coverage ratio indicate significant structural fragility.,"The bank's liquidity ratio of 0.3733 is below the threshold for a well-capitalized bank, indicating potential liquidity concerns. Additionally, the debt-to-equity ratio of 8.09 is above the threshold for a well-capitalized bank, and the interest coverage ratio of 1.67 is below the threshold for a well-capitalized bank, indicating potential leverage and interest rate risks. However, the uninsured deposit ratio of 0.4095 is below the threshold for a bank near failure, indicating some stability in deposit base.",False
U.S. Bancorp,5,7,8,4,5,7.0,MEDIUM,"High leverage and interest rate risk, but relatively stable deposit base.","U.S. Bancorp's liquidity ratio of 0.4080 is below the threshold for a well-capitalized bank, indicating some vulnerability. The debt-to-equity ratio of 9.56 is elevated, but not extremely high. The interest coverage ratio of 1.53 is below the threshold for a well-capitalized bank, indicating potential interest rate risk. The uninsured deposit ratio of 0.4960 is relatively stable. The risk factors language does not indicate any extreme hedging or uncertainty.",False
Webster Financial,5,8,8,2,5,7.0,MEDIUM,"High leverage and interest rate risk, despite relatively low deposit flight risk.","The bank's liquidity ratio of 0.5829 indicates some vulnerability, but not extreme. However, the debt-to-equity ratio of 9.22 is high, suggesting elevated leverage risk. The interest coverage ratio of 0.97 is also low, indicating potential interest rate risk. The uninsured deposit ratio of 0.0388 is relatively low, reducing deposit flight risk.",False
Wintrust Financial,8,7,6,3,5,7.0,MEDIUM,Wintrust Financial's low liquidity ratio and high debt-to-equity ratio indicate elevated fragility.,"The liquidity ratio of 0.1211 is below the threshold for a well-capitalized bank, suggesting a high risk of liquidity shortages. Additionally, the debt-to-equity ratio of 7.20 is above the threshold for a well-capitalized bank, indicating a high leverage risk. However, the interest coverage ratio of 1.98 is below the threshold for a well-capitalized bank, but not extremely low. The uninsured deposit ratio of 9.96% is below the threshold for a high deposit flight risk. The absence of textual stress language in the provided data limits the assessment of textual stress risk.",False
Zions Bancorporation,8,9,8,6,5,8.0,MEDIUM,High leverage and low liquidity ratios indicate significant structural fragility.,"The bank's liquidity ratio of 0.3162 is below the threshold for a well-capitalized bank, and its debt-to-equity ratio of 14.32 is above the threshold for significant leverage risk. While the interest coverage ratio is relatively stable, the low liquidity ratio and high leverage ratio suggest that the bank may struggle to meet its obligations in times of stress. The uninsured deposit ratio is moderate, but the bank's overall financial position suggests that it is more vulnerable to deposit flight risk than a well-capitalized bank.",False
